,A,B,C,D
2000-01-01,-0.6067530980922653,0.5064432791529544,0.0702338507006707,-0.6710144764173978
2000-01-02,-1.131011829358322,-1.2550072676761648,0.18033143377853098,0.36638371369737666
2000-01-03,-1.470045442027087,-0.9886516889910191,1.6672749098224235,-0.548518937565316
2000-01-04,-2.048319868477307,-0.6065318135027097,2.0096323609746385,-0.919595784864958
2000-01-05,-2.2988817830955384,0.42477384239574467,2.319252236337125,-0.5244115291007279
2000-01-06,-2.3604184010767217,-0.8951273242216305,2.1594310241962598,-2.072134926528932
2000-01-07,-1.7835870869351378,0.5271710453735331,2.4327614128517197,-2.6435790605305916
2000-01-08,-2.872316895617503,1.6125620465471324,3.0689993216985463,-2.417196690766967
2000-01-09,-3.346904192058,1.6426777441116112,3.1387653058272673,-2.0099727357881454
2000-01-10,-2.524031315126165,1.4939642588470745,4.773794262079544,-1.1035216077301024
2000-01-11,-3.0483339541708485,3.1808188633528856,4.41953419344439,-1.8459945500867572
2000-01-12,-3.112635029473726,4.828301272569841,3.6610251680449855,-0.5721498375845893
2000-01-13,-3.822028134952161,4.610742682278031,0.5981153239623747,-0.34066710183616733
2000-01-14,-2.6253612793311616,5.002866003963865,1.6503478051822762,0.9311237205218961
2000-01-15,-1.0478912506527527,6.537654189442407,0.7015557072104106,0.7539702471654688
2000-01-16,0.5252541176894752,6.692533472257482,-1.698793020311093,1.4794040518772398
2000-01-17,-0.5954699507883547,4.932428769024031,-2.3083592438375957,2.026184164354112
2000-01-18,-1.1441343857578667,5.472777675249483,-5.003611127629664,1.3992979023997112
2000-01-19,-1.5619624028655348,5.386960093806555,-4.483597449767185,-0.5199323674860645
2000-01-20,-0.2666066374597511,5.693779341717895,-5.776396972948737,-0.19376503508521398
2000-01-21,1.2982132432505569,3.707088558766906,-6.615348380088141,1.8640159306809838
2000-01-22,1.1485515691583683,4.6974259004885,-4.788822754077168,3.2393100547745624
2000-01-23,1.4073550266109187,7.563124457484491,-2.9868046247358793,2.1787324954124685
2000-01-24,1.0548184541794114,8.1560067052245,-3.614506093560569,1.7211974474748273
2000-01-25,2.395949695608844,8.374470923509389,-1.8026543345085644,1.6437010539518178
2000-01-26,2.9911258176602114,8.462486223829314,-1.0776465659746326,3.837248031300918
2000-01-27,3.152336069781472,8.038278856772433,-1.8789122079078457,2.9147549289894767
2000-01-28,2.2389465838897173,6.786379553290733,-1.7832749032544903,2.9851872919231424
2000-01-29,0.830373671994243,5.6597130817388575,-1.1212333338888874,3.307241196985016
2000-01-30,1.6635407972474514,5.005433448396869,-1.012209384701383,2.3772731446939632
2000-01-31,2.153915854677928,6.737026961505881,-1.1858573528775578,2.882521958140908
2000-02-01,1.760324146926193,7.504846658544835,-1.1370066722786443,3.2700866963629727
2000-02-02,1.1781516872692568,7.903025420923667,-1.8529855933425081,1.7647481568346466
2000-02-03,2.232474960957613,6.867657940245803,-1.2772696682808813,1.672576704157456
2000-02-04,1.3042719297072294,8.212918463768656,-1.2914097840062395,0.7083239564208532
2000-02-05,2.0473071578761655,7.615618336911564,-1.551993176065638,1.4546848676997128
2000-02-06,1.9100222551504946,6.511854083610622,-2.175613061764816,-0.15868055706040796
2000-02-07,2.599292701232865,6.351277072495112,-1.766377301125886,-2.2536353043826325
2000-02-08,3.4337318407705393,6.839673077144032,-1.680282532650606,-2.805213361234752
2000-02-09,3.9990104527832244,6.8744048796262485,-1.2427701804252003,-4.463094252901524
2000-02-10,5.108393849012738,8.015263786738917,-1.6112172457338834,-5.954278406419915
2000-02-11,4.295118590107706,7.7271785712370615,-2.4726594282433343,-5.415058366704215
2000-02-12,4.386209579926347,8.205381414153175,-0.7379112336116216,-5.889351005622028
2000-02-13,4.9160887304764955,8.08306693786937,0.10417658663557128,-6.007517972604084
2000-02-14,4.901923862639588,8.26425761891006,-0.2652001577175138,-6.279393501582091
2000-02-15,4.2733352479596025,9.106733035248308,0.8411352013023643,-5.5662427940879935
2000-02-16,1.9564891376107179,9.001375319726334,-0.5449621094899901,-5.687626641211028
2000-02-17,2.011535557136186,9.847790746631118,0.4923029619827499,-5.050961738487381
2000-02-18,2.25512360904396,9.093045587519452,0.7972871939497833,-6.440556253186024
2000-02-19,3.168295417694666,8.375031564814801,1.5044746159714875,-5.358887093063133
2000-02-20,3.3737592700945935,9.26033048587803,2.0090881267608296,-4.067028158147109
2000-02-21,5.249135531544878,9.700836441757925,0.7692885383143129,-4.644259881650903
2000-02-22,5.59305910366882,11.011350675539525,1.4747128509545284,-5.52392873076959
2000-02-23,6.9104238299221805,11.51697960197988,2.3830989892293353,-5.314739615454788
2000-02-24,7.447053824413034,11.169210399143113,3.220170311482741,-5.1753117945026
2000-02-25,7.868231708016863,11.418343598049844,2.800501708481075,-4.1697229135796965
2000-02-26,8.3661946723663,10.865446438752215,3.5514628203654945,-4.224316890021284
2000-02-27,9.161401107959945,8.396541895746786,4.482998512129619,-3.169546206545304
2000-02-28,9.127135174083548,8.311987073543012,5.967831527520494,-1.7007272293953755
2000-02-29,9.378618779604565,8.94645250541923,4.606602074267222,-1.4460187571778358
2000-03-01,8.199890098244264,6.749358086891114,5.766981560209111,-1.7724254465004632
2000-03-02,7.540932881651283,6.855372275454799,5.696218339927196,-2.334980259358165
2000-03-03,6.9053087567850495,6.439269350646123,6.112988693890745,-2.1683800786378358
2000-03-04,7.766579311182203,8.357613825354871,5.096527882879085,-0.8661631769422851
2000-03-05,7.938193185100884,8.073847879410643,6.667336109447122,-0.25651212661415146
2000-03-06,6.983577766986452,7.876016863612862,6.555928061471535,-2.240190100669842
2000-03-07,6.832034980553506,8.758828695942785,6.355759929563301,-2.525036518766699
2000-03-08,8.888168607923856,7.511943048048964,5.918808116684438,-1.646646352982029
2000-03-09,9.170846213922413,6.978157469583717,5.736061580405086,-1.2517977294087457
2000-03-10,10.339033975476246,5.573303666675866,5.238042150363075,-2.082197705345022
2000-03-11,10.817068661641814,4.379317926078336,2.6381878613492407,-0.3014209681376778
2000-03-12,9.720152841095885,4.5557522348814095,2.5633791515867204,1.0724009762545847
2000-03-13,10.677634291168046,3.6013635748039787,3.190038423570531,-0.43111160359541034
2000-03-14,10.000812791828928,3.858068800125754,4.276542749729623,-1.3996100426346765
2000-03-15,10.685290640483599,3.6785233136091486,4.8899868364065355,-2.003508486223061
2000-03-16,10.144149034764034,3.542164841119935,4.498472607863281,-2.651726012905401
2000-03-17,8.973072077781389,4.0696051368942046,3.7512074446998973,-2.828505885827683
2000-03-18,9.181346512815708,3.2384403635034555,5.64212891650743,-3.252201245984229
2000-03-19,9.4724837275393,3.8414396979244305,6.05537257594277,-4.16157763334263
2000-03-20,10.212110471769707,2.214794236126207,6.781403721031784,-2.9219593216032793
2000-03-21,10.37620150234838,3.4525627431729893,4.579007550309818,-2.759806634938174
2000-03-22,10.735752545573236,3.1409576624093587,4.174356464255019,-2.076256550631684
2000-03-23,11.86858314101839,3.23096062526007,4.160271145383936,-2.371353469449521
2000-03-24,11.34057493159002,4.850739592771467,3.3790842643503334,-1.3960558120743762
2000-03-25,10.958254522538663,4.169077191731349,3.7241549677029555,-1.8427557745078496
2000-03-26,10.498802448345161,5.6841243446500025,4.384411366212374,-1.9536339083831848
2000-03-27,9.682362215482375,6.16770950809646,5.214089100546399,-2.307980481761602
2000-03-28,9.130248128073308,5.781118475206539,5.7137868889033046,-1.917962564178922
2000-03-29,10.833610838181482,7.2139456854839175,6.2871227637638984,-2.850603406949398
2000-03-30,11.66971902276454,7.288656464524681,6.571484497422677,-3.405750071467244
2000-03-31,12.860429053162717,8.167860158409797,5.591755748390215,-3.717034661332829
2000-04-01,13.572335576274352,9.511248135536896,5.908490896292287,-3.4528978292782377
2000-04-02,12.044545313591662,7.840559388582173,6.25211917603175,-4.815668677710144
2000-04-03,10.78656926280432,10.107293244041681,4.376114492779137,-5.122349367937661
2000-04-04,11.78890581009677,10.767207549889482,3.0101968919445543,-4.254961830679416
2000-04-05,10.230451274798773,10.327300904371414,2.500790010258762,-4.878716866243143
2000-04-06,9.041825355840476,10.88184977289337,1.3526702198146585,-4.787226285865991
2000-04-07,7.518397156562207,13.361214528000968,1.3900410516492563,-4.1284133531265415
2000-04-08,8.254067556956354,10.755368811631211,2.1436099777230844,-3.4011693828283374
2000-04-09,7.041163981330902,10.138002915834097,1.623363901093584,-2.750686359249651
2000-04-10,8.647238301331436,9.199579430720387,1.276730398349504,-2.9373350673616767
2000-04-11,8.119983985049195,10.130891690034522,2.7763164828348734,-4.5082298934440095
2000-04-12,10.172844840446718,11.01282475785161,2.0956158806604464,-4.187703359386098
2000-04-13,11.270274747360238,9.395071610053538,0.764990331360319,-2.593717776567069
2000-04-14,11.766727339700456,9.310171944203608,2.813937906596986,-1.0909817435646523
2000-04-15,10.764708846382854,10.633176890818133,1.2822549912905539,-2.1242114420005818
2000-04-16,10.73829867142464,12.298483853720516,0.36195060123018785,-2.953659341092858
2000-04-17,11.55512342825963,13.32891068903548,-1.052549924522355,-4.2876017732261875
2000-04-18,11.775079565629376,13.341568622818514,-1.9258834484144491,-5.735242562022987
2000-04-19,11.351370382455324,13.68546334748187,-3.2543479693219126,-6.266982382394731
2000-04-20,10.57540641687703,12.28194115479557,-3.6393360239803108,-7.108900746614379
2000-04-21,10.20243213450796,11.305867804822796,-4.0361043894632065,-6.880459555112277
2000-04-22,9.828408012309882,10.031597162208307,-6.146539457443357,-6.740083796553361
2000-04-23,10.283325072473573,9.61900586526971,-4.549955365890447,-5.494731762014055
2000-04-24,11.659319762084046,9.810974222175076,-4.5612572713393496,-6.484760842187878
2000-04-25,10.968269381299418,9.220366674117027,-4.647772475218736,-6.50255291077858
2000-04-26,10.21030426166984,8.932155372828099,-4.0178442898912525,-6.195199876252992
2000-04-27,10.570683315381977,8.845147468477778,-5.684563443746769,-6.461380439449124
2000-04-28,9.722713082667468,9.86754924815516,-5.651288031757943,-5.73512082705201
2000-04-29,8.884926580711973,8.59749665608632,-6.684541287047685,-7.7800516335970045
2000-04-30,7.6533381199397175,8.213407835059833,-7.504964964798895,-7.60403854598056
2000-05-01,7.111055437183177,7.729407521393787,-6.75826589176892,-8.227368542739864
2000-05-02,7.926090269733461,7.854419486154658,-6.439228979702657,-10.419955095028737
2000-05-03,9.328293281370044,7.166428413937114,-5.6462359231604715,-9.967866846968942
2000-05-04,9.172918275501244,6.94120643311374,-5.826272179450119,-9.341163632491732
2000-05-05,8.723093062756895,8.276087265273492,-6.4741071922096705,-8.156787684772123
2000-05-06,9.449098144949916,7.54993355146205,-4.657729269370273,-8.15979341906377
2000-05-07,10.127002143334698,6.176752367290504,-6.1891388239988006,-7.159894797019047
2000-05-08,12.993249412649257,7.651976827234278,-5.9594925627169495,-9.554918632577746
2000-05-09,12.57721688790985,8.02776205125315,-6.249881758025699,-9.575391038709268
2000-05-10,12.22652547357457,7.261130785690239,-6.988110568421201,-7.8585582616358565
2000-05-11,13.978632208252538,8.08056192059572,-7.471311662804319,-7.141494215928436
2000-05-12,14.91943082401651,9.836968081209507,-6.369677424503555,-6.6459797407241945
2000-05-13,14.222254667823096,9.050150832838355,-7.304864057279385,-6.986974426457314
2000-05-14,13.889134334605542,8.679603532900838,-10.147296580608112,-6.81753735461923
2000-05-15,12.91010272522798,9.954176895030624,-9.348660404828287,-5.870994560677995
2000-05-16,12.799167888281854,13.134458209965349,-7.634579234589909,-6.19832135890516
2000-05-17,12.14979217718499,12.606150197829948,-8.275183013529487,-5.978364907824762
2000-05-18,13.19161208166966,13.374793976748785,-7.936051000921585,-6.342148121871832
2000-05-19,12.635146022673148,13.875930579421462,-7.610579561104948,-7.325459974804099
2000-05-20,10.882575653303238,14.740943831053091,-7.544961889112305,-7.353420420198671
2000-05-21,12.528142365417626,14.114018473165737,-6.946538733194312,-6.727465187088728
2000-05-22,11.566349481183211,11.93248498288507,-7.663668492746189,-6.728341920999241
2000-05-23,9.49224325732297,12.211798683581838,-6.075626435478794,-6.128570228298026
2000-05-24,9.557104549351147,12.315651464497957,-6.744014547513444,-4.593577788933558
2000-05-25,9.370292542203751,13.183561818053438,-7.17916502282352,-3.4859412982808258
2000-05-26,9.561866621028036,13.979231863040791,-7.120316969630208,-2.935605580126314
2000-05-27,9.86061465560549,11.753562065052767,-8.211541412214661,-1.9004023007837727
2000-05-28,7.311596351646873,9.896918546271163,-8.833586981302618,-0.4559277186848463
2000-05-29,7.815687767626226,9.115753896272897,-7.467202545284749,-1.1338618629737078
2000-05-30,8.294728704035508,8.304997757521546,-7.074862498941761,0.7007549040282264
2000-05-31,9.423791260140076,8.444925544003464,-7.534546029752726,1.7038913639905602
2000-06-01,9.783667826830124,7.425557837856392,-5.126869174716084,2.8497054708179164
2000-06-02,9.212171032606983,7.8472796969196725,-4.654128492763485,4.089359570123453
2000-06-03,9.67592189912688,8.20556227477972,-4.8922377168259175,4.701516691032108
2000-06-04,10.817665705287936,8.835104397184644,-7.225882494503239,4.347998409462432
2000-06-05,10.576717870302797,8.615948401861694,-8.162140276162011,6.547336839213709
2000-06-06,9.917518024123197,8.694553607379376,-6.466059295455388,7.854114066512138
2000-06-07,8.10618929871011,9.27031686593333,-5.322758790190601,7.050965545127326
2000-06-08,9.262458279283864,8.09797076405848,-6.477395313509177,6.83258100720962
2000-06-09,9.707820932527735,8.775573489376109,-7.275196621424933,7.0558952083621485
2000-06-10,8.745163041871804,8.915643522318685,-8.204131639928463,7.81553280554749
2000-06-11,8.02373938580397,9.305659535978412,-7.229420975875898,6.609327045574198
2000-06-12,7.029196665038785,9.198844248286244,-6.286456793860867,7.021329598286611
2000-06-13,6.527073945796402,9.701762524762762,-4.7227149078932555,7.262016008874525
2000-06-14,5.932167859926537,8.983343946313562,-3.8054061321887884,7.069270896874286
2000-06-15,5.674726329479263,6.18867395988734,-4.158356226004535,7.551816348540424
2000-06-16,6.9436601552106225,5.933421963334607,-5.074272577433394,8.168984386800256
2000-06-17,9.106499433419211,7.234014313584721,-5.074536059050184,9.748707626770067
2000-06-18,9.415646762407164,7.901411452776219,-5.551071709192089,11.885239921580569
2000-06-19,11.426834113428797,7.241799633382263,-5.647187134676245,10.73991545504237
2000-06-20,10.843880002699688,7.439856452435862,-4.81273372342698,9.672161877680509
2000-06-21,11.097299366784268,6.699661934435272,-4.28193982650277,9.165291393202189
2000-06-22,10.50600879631714,7.347860685495232,-3.809385119869757,10.0449045351309
2000-06-23,10.440840571955567,7.65441061857237,-2.7917347097817706,9.635788060253118
2000-06-24,10.222647883014155,7.7318468320979274,-2.0127736122345046,10.226159625034356
2000-06-25,10.270469648320507,7.416905471559922,-3.353798595046972,9.438554321337092
2000-06-26,7.974050721091183,6.384891599460708,-1.4941170680174598,9.389389224299668
2000-06-27,9.109275834555039,5.8748862042163985,-2.8541490010107267,10.605138707523517
2000-06-28,9.265096478095517,7.092190040102535,-2.654229369632377,10.720777358728162
2000-06-29,8.600587290359968,6.632537999302658,-2.5033107113133046,9.952684577716544
2000-06-30,8.598212698112379,7.331180884533779,-2.1295020614456046,8.453378073106022
2000-07-01,7.459085770677073,7.139989538082615,0.4156807306013506,7.577701939041971
2000-07-02,7.521065910156109,8.22933508027839,1.015691502456102,5.8489578412604635
2000-07-03,7.456434674905201,8.56547205734929,0.3918228147053421,5.430135205098575
2000-07-04,8.028388841668782,9.290868623399618,-1.1923584640313596,7.046158765652175
2000-07-05,8.777081924462358,7.451244401731036,-1.4229257063184586,5.612311766514913
2000-07-06,9.028274712771545,8.979411958683801,-1.883006692667168,5.74374010233087
2000-07-07,7.875717580831347,8.001561076377566,-1.8277885664157603,6.433903781279532
2000-07-08,8.042845314656587,7.69996970477964,-3.8736360967463765,8.121933463263343
2000-07-09,8.43741560556511,10.277020428514106,-5.373202393466198,9.822852429228119
2000-07-10,8.751058202199259,10.974207058729666,-5.727174528974676,11.003895477057593
2000-07-11,8.975724989653974,11.88237970959438,-5.965652918439284,12.353848063581978
2000-07-12,10.142600770699735,12.439871922411994,-6.055730261138884,10.646142787242193
2000-07-13,10.892473966487668,14.686206985002531,-5.71986370988706,11.763013877331225
2000-07-14,12.131187269246992,14.802090522509348,-7.031523955598578,12.1770595070557
2000-07-15,12.665685863810968,15.921590943710267,-8.318566829393173,13.62046182883994
2000-07-16,12.009361820502658,14.39780436151802,-7.1270652445280485,13.319011319801982
2000-07-17,11.595388969533884,16.33234709322432,-6.651377298678545,13.0248991201445
2000-07-18,13.718788758702086,18.00956192040871,-7.018975624070947,12.180684526796737
2000-07-19,13.745734840052092,18.29362714268074,-7.469566163923566,11.220804071150607
2000-07-20,13.75448468455447,17.046889374892974,-8.230090669394107,10.878827119108646
2000-07-21,13.737842829004425,16.54033252645994,-9.893333805331407,11.112454923293619
2000-07-22,13.207485035961234,16.241191341771987,-9.512191592248582,9.893117982118158
2000-07-23,14.776430009661267,17.491460967665102,-8.580704855333977,9.656413584629533
2000-07-24,15.164452815587389,16.465217746590223,-9.544824626092868,9.531688730394952
2000-07-25,16.026153690962456,15.504115373586824,-9.273952807650662,7.509351941188864
2000-07-26,15.866329293664167,13.921191395792837,-8.101481862693278,6.955165953253933
2000-07-27,15.713681318349899,12.786211691172117,-8.767772898428975,6.654861967017534
2000-07-28,16.40454156509735,11.546834683170037,-9.685890894901394,6.885081614234936
2000-07-29,17.172663644034962,11.939305804924045,-10.53426161489449,7.548749731712652
2000-07-30,17.06654944684597,11.0129188440545,-9.65959732829604,7.493471678045189
2000-07-31,16.720138525532104,11.62580281502578,-8.871802078402588,7.104000008536174
2000-08-01,16.488944520668053,11.428583912157071,-9.34363540054468,7.031614560215243
2000-08-02,14.836879772336507,10.290936701777545,-9.816541801268281,7.823478318572705
2000-08-03,13.08781378263146,9.84488445580421,-9.885032667074249,7.474073547450333
2000-08-04,13.216402389801384,9.452489029599175,-9.638317620398551,7.633156110377377
2000-08-05,14.921955042610676,10.066431590834268,-11.21654567858742,8.603279869052278
2000-08-06,16.146007883654757,10.213267521522445,-13.093798961970641,8.627194538342804
2000-08-07,16.777666045769255,9.240385086296717,-12.27288904679101,8.887886516110997
2000-08-08,15.820462679535332,8.62941749073555,-12.362304508269666,8.657686241329904
2000-08-09,14.515950594868528,9.26072266163606,-13.287505347089724,8.46862213390177
2000-08-10,15.153847559362278,9.358519690160117,-14.69744672823424,9.25618402547059
2000-08-11,16.138560045886976,9.582795261843517,-16.69383468971732,7.604995148038689
2000-08-12,16.42747006910179,9.775630941242598,-17.429320631365876,7.358106254576922
2000-08-13,18.932164945314582,7.676361188520319,-19.47881822960013,7.652530831728392
2000-08-14,19.79660886126882,8.168750830162901,-20.168566991684802,7.644603025753882
2000-08-15,19.823702830624523,5.677275293298892,-19.617287311017943,7.008438220031924
2000-08-16,20.22197062773471,7.133255584012998,-17.75891781009219,6.859673765972567
2000-08-17,19.727943454339474,6.950253219261827,-17.46297566836283,7.9267456413630875
2000-08-18,20.42893927705415,7.443393499186789,-18.17613600196637,8.080587117998029
2000-08-19,20.68192158675097,8.042813866573628,-16.953642384139766,7.947377742411103
2000-08-20,20.51582060781406,8.777672003507794,-17.14801292411207,8.850652396498479
2000-08-21,19.226450137458126,9.444041688203773,-18.75041102410411,9.56842484615254
2000-08-22,20.62515421358251,10.20050890142908,-18.872126384765924,11.41810030050924
2000-08-23,20.990323255179206,11.239208442015665,-18.95187807758201,11.078563411069455
2000-08-24,21.636995463164773,10.234491574760767,-19.499590064115722,9.68794077917681
2000-08-25,22.458954416524513,10.785898990335012,-18.831165811105706,8.723568111520692
2000-08-26,23.138941646947767,10.232280288688541,-19.59488246820366,8.641166510518845
2000-08-27,23.665350209010555,9.27690434843123,-20.65768578401002,7.9726568267418045
2000-08-28,23.653776258191563,7.5362473658268145,-21.577932636093482,9.181047795623996
2000-08-29,23.26781063100848,7.133820178093418,-21.622432031892025,9.146393045798408
2000-08-30,23.555865903156896,6.235150565845769,-20.984181140599127,10.690079004209261
2000-08-31,25.44615553720788,7.5227088680284755,-23.298866866149943,10.941367180855817
2000-09-01,25.183022647528716,6.269810164667693,-23.807835133620134,11.56940671529534
2000-09-02,26.33536116170164,6.331012552618713,-24.670191422522773,11.183483438216536
2000-09-03,24.254108462696248,7.50986517542807,-25.23430197814263,10.285475869270558
2000-09-04,24.268193513467274,8.573615707417488,-24.43048396717942,10.014788434615177
2000-09-05,22.462157157291447,10.317694771192714,-23.10518701543416,8.07945997243856
2000-09-06,21.965477137145477,11.04074607268685,-25.899369441929213,6.924358731556644
2000-09-07,23.35836008643629,11.598544419556628,-25.735368700751934,6.6445164357588355
2000-09-08,24.48992519368656,13.006769802637082,-26.59987284691579,6.7398265317906665
2000-09-09,24.256659707538756,12.719427409274623,-27.460926268175903,7.429445299698523
2000-09-10,23.92132892592257,11.935709810944452,-25.714888754244097,6.966869537839328
2000-09-11,24.298062320013862,10.633716382405701,-25.762253226890277,6.4329403576651405
2000-09-12,23.66147584672005,11.43564988423434,-24.50133029898953,5.668981955552136
2000-09-13,22.749017815511515,12.581317582770051,-24.904028975615088,4.818083328786547
2000-09-14,23.042983818690377,12.705124849687861,-23.577466073810594,4.769392177051115
2000-09-15,23.876276453935727,11.24562254804218,-24.76349557051103,4.570981331206277
2000-09-16,23.333771293123345,11.279889515715764,-24.622972473603376,4.477028758014797
2000-09-17,24.901477982457305,12.937159799414761,-26.697607176718737,4.702974161828716
2000-09-18,27.479162933618674,11.982690286124365,-26.971702403861155,4.8353897668195085
2000-09-19,27.618260251565758,10.055734965807384,-25.72335099755352,4.775174904242824
2000-09-20,27.832547832937976,10.147079139573782,-25.587838098735098,3.5464130867390935
2000-09-21,26.36198041163943,10.819575524141545,-23.96612785439686,2.9390317309639933
2000-09-22,25.710807436532903,9.767300035964576,-23.692274521043206,2.9475351510651366
2000-09-23,25.506616518355038,10.509822618193652,-22.430872982837073,2.622884164619419
2000-09-24,25.514313700775762,11.478868364227234,-22.79065121053833,1.4132531781728395
2000-09-25,25.08496443547171,10.6086894561942,-23.95587330703419,1.8837710049975436
2000-09-26,24.878220281637255,10.860321519268902,-23.906079267175404,1.4294505813772032
2000-09-27,24.746732857465332,12.038333200403544,-22.0448468291723,0.6030908815626895
2000-09-28,24.982283406773142,9.945803006766077,-22.513017765450375,2.468546045913079
2000-09-29,25.928660932118895,9.38568196036896,-23.530489583278577,3.742127719517359
2000-09-30,25.019897757053656,10.745359639002478,-23.810179149757488,5.876540287490467
2000-10-01,24.60388220416681,12.7805728019898,-23.633695110226586,6.37732268850498
2000-10-02,25.55849462139142,13.393145411847428,-23.547820081625634,7.673429712537943
2000-10-03,26.81276359824484,13.128355627042032,-25.888689749843355,6.611280513855473
2000-10-04,26.853262130908824,15.594010257440665,-26.781894530082017,8.344988120110093
2000-10-05,27.112514173644133,16.334171438141386,-27.241918134706705,8.618025846913294
2000-10-06,28.67800251882425,17.366695231041042,-28.071258381476937,8.664882477263157
2000-10-07,29.52745098257151,18.757354117521295,-27.913200708379524,9.195694725257615
2000-10-08,30.68564275022533,19.828761060212425,-28.38736939606876,9.104081782925178
2000-10-09,30.411993363122768,18.199207088487125,-29.36453001576568,10.32041017061255
2000-10-10,31.54143922797341,18.796077047057604,-28.74649266837237,9.888916631356397
2000-10-11,30.388829084489306,18.423603929757522,-29.25656467221042,10.244570869168165
2000-10-12,31.013989018526463,19.538470993874757,-28.127038118202126,10.605120959767502
2000-10-13,30.070278794221654,18.849631377424508,-28.582667614679973,10.841939794052193
2000-10-14,30.40478837393311,19.24766458163352,-27.415139621926873,12.182603461453294
2000-10-15,30.7387750133499,17.971180219652812,-28.323184520486205,13.446517622076579
2000-10-16,30.678059594218876,16.70514208109198,-29.132877752233306,12.698100921500846
2000-10-17,30.932081489059968,17.54443706850975,-28.34129192287096,11.268216929975651
2000-10-18,28.917862367429663,18.85069253543274,-28.477237667783942,12.167477355056253
2000-10-19,29.493741228490393,18.670204037870548,-28.71875517348404,10.767383087341816
2000-10-20,29.363145389692143,18.53211492466245,-29.90068517902603,11.035340380889712
2000-10-21,27.862006107864108,18.23927880327313,-32.10538526763185,12.98874315462395
2000-10-22,26.901771364800975,19.175671756539906,-32.32123837187343,12.093799716193914
2000-10-23,26.8707108620517,21.214981381962872,-32.45581839818784,12.725554562131741
2000-10-24,27.72225853839276,20.07017580049383,-33.075306656100345,13.275667992738107
2000-10-25,26.88160051742565,20.225571722439817,-32.961492430582446,13.70312521303048
2000-10-26,29.071886057188912,20.659984686078413,-32.13885678110589,15.4301189179821
2000-10-27,29.127790037985637,19.854401830111033,-33.960616272478866,15.328971274989232
2000-10-28,29.15660328322529,19.769065159492555,-32.52656173127553,14.774503458926556
2000-10-29,29.896338753804113,19.50159683895769,-32.97811386093146,12.882158502324833
2000-10-30,30.276160229632954,19.400944677907024,-34.23228571186595,12.775325427660055
2000-10-31,29.67608088970113,19.36888529291874,-35.73770691189899,12.230767636232443
2000-11-01,27.10288602615359,18.873103494416057,-33.853385808460885,12.862252914331735
2000-11-02,28.16825211869789,19.661994036288668,-33.59616542160338,15.28257126326062
2000-11-03,27.947446704568772,21.162377738812243,-35.08878873804311,15.37314243544876
2000-11-04,27.79845343905504,22.240457162122425,-34.34185325027752,14.892071466601074
2000-11-05,28.819263477283396,22.117264623196704,-35.011865426038945,14.677642264238063
2000-11-06,29.61523264340181,22.073492528544115,-34.46682232966632,13.877688344928933
2000-11-07,29.756451669731877,21.2099220889935,-34.892265839122366,13.355818888470038
2000-11-08,30.007382194299556,20.46986279988324,-35.262749752737705,13.306807817097013
2000-11-09,29.639089646611374,21.360074149622598,-34.49712354151578,11.550223408886362
2000-11-10,28.59641988793556,22.197909099041883,-33.67171414172211,11.64059897225239
2000-11-11,27.885623830220464,21.636895867718735,-33.9559791316714,10.208892934852896
2000-11-12,27.768632401987556,20.488852411681027,-34.22436571761151,10.165940370310043
2000-11-13,27.79061681959827,18.4816185809287,-34.73628579265569,8.517036237105115
2000-11-14,27.65536409388224,16.327734149485437,-34.91702296735624,7.290761802590907
2000-11-15,27.84040055537527,14.554150698531604,-35.95691545035224,8.108431618870474
2000-11-16,28.151474626424832,14.146260569369437,-34.241518131022524,9.575909147353995
2000-11-17,27.63088811985253,14.234420738700273,-35.4370173215757,10.276493646251533
2000-11-18,27.448771797448973,15.370514724068249,-35.07671855166779,10.479844435186736
2000-11-19,27.25792574737594,14.474354108227976,-35.187775938921334,10.137907369864037
2000-11-20,27.37866181997598,13.841243028905057,-35.5527683190864,7.918663516925553
2000-11-21,27.60926780720703,12.864383368232248,-35.057655455914535,7.578755029678705
2000-11-22,28.117218141019094,13.253260426626289,-34.18060666133718,7.582188491283447
2000-11-23,27.791043764763895,14.63500453753168,-33.85057219993477,8.681987737148201
2000-11-24,28.63153223376743,14.566457150273733,-33.409027805662156,9.329615946041606
2000-11-25,27.80164825395936,14.021548719633204,-34.54291194997282,11.769023527885972
2000-11-26,27.786486129113033,11.680446119318857,-34.26197023989683,11.739185715904608
2000-11-27,27.87460571045709,11.706049187311413,-34.313897050057726,11.91801207896635
2000-11-28,27.050738660869047,11.921177051919075,-35.14734213869597,12.681403169065064
2000-11-29,26.319780772336355,11.949823597242899,-35.734201375367405,13.29704992138843
2000-11-30,25.540837545142306,11.823565746762974,-35.76036323563023,14.678829485435742
2000-12-01,26.42302554960392,10.687403294984712,-35.35563186467145,14.629416227878183
2000-12-02,25.780654160634217,10.50902783880827,-36.42042136625585,16.270414438984375
2000-12-03,24.84388787958531,12.233777372772588,-35.424933930888606,16.688739649944345
2000-12-04,23.25724591469523,11.314597736565567,-34.94033962705372,18.003959839454748
2000-12-05,21.840889525438165,11.978159214020414,-34.41000682499507,17.09179178573581
2000-12-06,21.791025580721286,12.747834923797328,-33.97058184596671,15.80042594769214
2000-12-07,22.106875000351813,13.291635423550579,-33.5903073195856,15.921319603970215
2000-12-08,21.32916698728868,13.287453068343604,-33.20437621365495,15.90035122895884
2000-12-09,20.571027588017028,11.64335639264001,-31.74866387275206,17.199194752779984
2000-12-10,21.56858857646961,12.347900234059171,-29.817056856361432,16.873970305440096
2000-12-11,23.281566818830267,12.975332358015878,-30.41908492764229,17.83137146023558
2000-12-12,23.69904588944944,12.709149382884855,-30.2370022115362,18.269811573031813
2000-12-13,24.92026867891698,13.326233389649765,-29.035704976874513,17.385221453456047
2000-12-14,27.02304628484836,13.220209629162088,-28.9857324189885,16.246216204827597
2000-12-15,26.795013330707842,12.466217762662126,-27.978419232184454,14.585186925163372
2000-12-16,27.252022828663414,11.108355776236275,-28.231893166961683,12.666976156882074
2000-12-17,27.787424649467294,11.297112404936803,-27.608228807723684,13.26923716250712
2000-12-18,29.488928869979514,12.300102331201476,-27.395273849369378,13.59943972939383
2000-12-19,30.90059966187288,11.031457665480366,-26.699630077202592,13.573943760860741
2000-12-20,29.508471387533614,10.564519540243744,-26.202573388821044,12.720894564806049
2000-12-21,28.22167842669794,10.121533374175083,-26.664404540843165,11.770545642434572
2000-12-22,27.895155830518082,10.508396354849573,-27.97606749361847,12.517495090538976
2000-12-23,26.36759285925214,11.050304032341131,-27.463198379443327,10.829751632880065
2000-12-24,26.575278230988317,12.272173861766571,-29.214149878322814,10.10403163480653
2000-12-25,26.847357455723603,12.674759955803395,-29.991793430783805,9.21803569154209
2000-12-26,25.45843446814127,11.978932306453526,-28.689308048475493,9.011780109446367
2000-12-27,26.01318211304847,11.863930912393124,-28.44205218605859,8.379748669830029
2000-12-28,26.486252367662765,13.293683426580632,-28.045843522685875,7.447208903604051
2000-12-29,27.629678384168184,13.634537063969137,-29.506775980901047,8.3187274934246
2000-12-30,26.949483154319832,12.947638587492959,-27.261891974335285,7.644392742357893
2000-12-31,26.810755431117308,13.77293701455662,-29.127109786443278,7.65769452994686
2001-01-01,25.882026764340207,13.624493667322678,-30.415742738781123,7.5536841294128605
2001-01-02,26.270868738470796,14.621815664782213,-31.758193982622803,7.110710577140465
2001-01-03,25.34794465742035,16.08898938729117,-32.037465208215366,6.804806111781315
2001-01-04,23.611441663690286,16.854701656098918,-34.25326290935175,5.153162148811204
2001-01-05,23.055864428678763,15.127769357131935,-32.658502196633826,6.199787484264703
2001-01-06,22.401159023412234,14.621973213966335,-31.712866106000757,7.577726385596701
2001-01-07,20.398933863104368,15.727683159568791,-32.62415955651724,7.44387723483415
2001-01-08,19.97755945285528,16.86567064183746,-33.73300525089047,6.029942396144061
2001-01-09,19.8007812370531,17.10131188474447,-34.95751671334402,8.473471580549926
2001-01-10,20.61558031635819,17.9031983196993,-34.10203401562711,7.066508978521186
2001-01-11,20.219877085233655,17.35157752768186,-33.0017723472488,6.768892570576443
2001-01-12,19.939768593823104,17.532631556454742,-32.70206357112467,5.564598278894245
2001-01-13,20.407503048426566,17.488670914100897,-33.94596854656018,4.9432598859268815
2001-01-14,19.783938045865604,16.081308986573088,-34.13303579079716,6.798936138469561
2001-01-15,19.783677950999557,16.07978447869133,-33.35532158050176,8.303566094728374
2001-01-16,18.69393361442523,15.746995740966934,-34.83475784769084,8.427621119596818
2001-01-17,17.556884186843167,17.372844590730246,-33.6924522011277,8.15029901676046
2001-01-18,17.00154097057392,16.396354723074168,-35.00393071356124,7.977728623076471
2001-01-19,16.714529619269303,17.469638668403555,-35.905432597628554,9.060604699267135
2001-01-20,18.49625746595895,17.50334134977527,-35.64000347501566,8.483949058933593
2001-01-21,19.432902515262953,17.716361488947783,-35.772622531734065,7.0232368926817115
2001-01-22,19.92168832454371,17.87670912593196,-35.7783570314889,7.358214703917916
2001-01-23,20.03339585636535,17.611165723406092,-34.734046813767094,7.039388167675398
2001-01-24,20.17693521043314,17.952910373198044,-34.281123277177464,5.244240304028112
2001-01-25,19.160325425940247,19.68652146122021,-35.18417591998793,5.674161876988958
2001-01-26,19.43441187668021,19.977009039353376,-33.517363351444004,7.341660933626209
2001-01-27,20.44773592982392,18.102014954827787,-32.54475900788712,7.350743844811278
2001-01-28,18.894625211880822,18.681506031082158,-31.934662691074582,7.383003832107867
2001-01-29,19.144637267404665,18.878921982062298,-32.820227975433575,9.26328573570186
2001-01-30,18.68668120883308,18.35212257500179,-33.03482785936494,10.468883954573721
2001-01-31,19.838713268596848,18.56065963157083,-34.7182727037763,10.23232935470538
2001-02-01,19.282304049345715,17.793861285984573,-33.4158054602899,11.058599563800584
2001-02-02,19.851268320457184,15.756775440815748,-34.78854082436598,11.345276276243
2001-02-03,19.696616844886318,15.218790729641897,-33.34293364429497,10.395445930953885
2001-02-04,18.912341292732485,14.260986435937426,-32.82409234302875,9.219470976639107
2001-02-05,16.97749100980847,14.314680672459463,-34.74893729335978,9.587669518015158
2001-02-06,15.615277675202908,14.224988809790947,-35.251669351121556,9.16615487213919
2001-02-07,14.776795090098341,14.082033905467283,-34.59514313873147,8.244589149096026
2001-02-08,15.157820224233866,14.341189169979504,-33.35654562758474,7.8115280631813615
2001-02-09,15.281785634581354,14.465972699148166,-33.9673914304028,7.858731544628348
2001-02-10,15.38357346885245,13.897273760384973,-34.77191877075659,7.11638060795267
2001-02-11,15.399950992179816,14.803209910623035,-33.673558142993194,7.472011872830181
2001-02-12,16.677781169405858,16.298278337978928,-32.24398364092305,7.022298570483896
2001-02-13,16.264463624016397,17.473904162899423,-32.99571988651615,9.84339399444527
2001-02-14,14.541272425547879,18.51860833863267,-34.482651690895295,9.396363935099078
2001-02-15,13.896538257586348,18.6369119788029,-34.186453781692435,8.73718892856524
2001-02-16,14.02678477019973,19.193120246007304,-35.09135622767921,9.61345516581143
2001-02-17,15.291738515688209,19.496059865331834,-35.91878300369729,10.530612050026454
2001-02-18,13.682264447652674,19.537106787517704,-33.57445785427558,10.845035167186257
2001-02-19,14.376324133915025,19.268820953607456,-34.345235341782086,10.074302488737889
2001-02-20,14.016827866941522,19.174208353212663,-33.92387801458567,10.177550417651647
2001-02-21,14.101318163269994,19.630357193975726,-32.323564161007404,10.22130475859974
2001-02-22,14.561641746460271,20.51615720451803,-33.64526335971645,10.542913378751617
2001-02-23,14.30211540828622,20.452224655846717,-34.53660734977002,11.308950517743327
2001-02-24,14.044239089385107,21.04158696520655,-34.832232681618166,12.55890687513423
2001-02-25,16.565599137119484,23.289267872015607,-35.00391292830508,11.038647480542007
2001-02-26,17.317879958685516,22.034301874093796,-35.649884368126116,12.012155315285243
2001-02-27,17.6912032948409,21.71054840207692,-36.46256004782753,11.712246436191538
2001-02-28,16.058362109825907,19.866828216126187,-37.39777396554005,11.658966435992513
2001-03-01,16.27469883783219,20.52412989518802,-35.928805451149955,11.205010226884406
2001-03-02,16.478450910904826,19.627721582724813,-35.032162496396936,10.129416735725506
2001-03-03,17.637734402891432,19.163934128108657,-35.50021243594816,10.037442547292278
2001-03-04,18.710102156384167,18.01215053840034,-33.90514570578462,11.318443253082629
2001-03-05,16.954547944885633,17.58935682058631,-34.65217357869199,11.807239028128885
2001-03-06,16.863029676268646,18.28821674072914,-34.81137477765852,13.214974478467425
2001-03-07,16.495745394942023,15.819598081140736,-35.5696826720025,12.248208041117355
2001-03-08,15.127825273596587,17.082418347298095,-36.525489199389085,12.108749204861153
2001-03-09,14.631129278719843,16.628004781085167,-36.12378916370211,11.87930776273007
2001-03-10,14.532790201474018,17.04731275358941,-36.47372822883001,11.055732881072986
2001-03-11,14.499342708670728,17.697555249157542,-36.4104937670873,12.064516391503354
2001-03-12,14.582700591206645,17.948761527965274,-36.38922522133929,11.446574162272004
2001-03-13,15.161785031524616,19.081895043035246,-38.010217343008534,10.219272335354157
2001-03-14,16.70323778904434,18.506256341072717,-39.24502606677033,10.173924067701861
2001-03-15,16.224062625750086,19.05210816018246,-38.82503659199811,10.897616146014997
2001-03-16,16.74426582309092,17.35735396802265,-36.441112203194564,9.489790072610838
2001-03-17,17.99769554626074,15.712212918515187,-36.86579381324889,9.208249143536358
2001-03-18,19.284763716707445,16.010893565098026,-37.48446759667938,10.138146050240966
2001-03-19,18.904083555979252,16.43673536399928,-39.17946525135058,11.435018116078721
2001-03-20,18.452473221756822,16.008710565840868,-38.51185255130572,10.168870831509231
2001-03-21,19.173575249748815,16.767306014092274,-38.104016458268326,10.461604857790112
2001-03-22,19.200250140351578,16.37355252461695,-38.18067212602564,10.341137551674247
2001-03-23,19.484870502521257,14.708796155546924,-38.370177102168164,10.743966533741443
2001-03-24,20.690493332214018,15.441246059821136,-38.48702808259331,12.170716093625288
2001-03-25,21.64990359834914,15.423252652481827,-38.453066426704254,13.011714485362255
2001-03-26,20.77221906940697,17.152931255051275,-39.020389451497195,12.397498715444362
2001-03-27,20.934802757071417,17.860722064179996,-37.92693657727145,10.974107279385692
2001-03-28,19.02654205332456,15.910933593892178,-36.583748572067115,9.389202623486051
2001-03-29,17.556561609437885,17.0756638209515,-39.36173589350286,9.158722628935749
2001-03-30,16.15870988080216,17.127910040876543,-39.342926490697906,10.82691803963559
2001-03-31,14.73264945056956,18.037417249348927,-39.28419562445116,11.361386382548408
2001-04-01,13.984201538179583,17.43128928972956,-39.80237317195487,11.11058153180792
2001-04-02,13.647824193152053,18.596322604215743,-39.955439308654654,10.63328355381531
2001-04-03,12.92297348318317,18.15171217414253,-40.409047922003026,11.153725274405616
2001-04-04,12.429968990705705,16.725696348913466,-41.62180552471864,11.137096168658383
2001-04-05,11.2202101373081,16.213919215383278,-40.98150852761667,9.988116120963983
2001-04-06,11.11784382892227,14.526294880313584,-40.25819377787139,9.012367284581195
2001-04-07,11.491143414550002,13.305652689836315,-40.32722143759686,8.180521003911666
2001-04-08,10.073681817898226,13.004816097426968,-41.858615713498,6.8147426294565765
2001-04-09,9.886855860547477,11.873240081013714,-42.28278325745032,7.653292434360332
2001-04-10,10.251904375843823,12.90295739035181,-41.64629330860504,6.058917542582433
2001-04-11,11.217932036200896,12.398702206566062,-42.47597204660346,5.8273296376277575
2001-04-12,9.563948290079603,12.597405657472782,-42.16982312327484,5.519193942147959
2001-04-13,8.180617924638018,11.207200611670414,-41.329852134166764,6.292584451969223
2001-04-14,8.946221124396642,10.288001052265127,-42.51492568278965,6.135385543037927
2001-04-15,8.71458207856622,10.103823609621822,-42.254969144686065,4.086773647076886
2001-04-16,7.9811902751788635,9.823562645214988,-41.57312504717039,5.421070532788577
2001-04-17,8.250936840417118,9.93168437570711,-42.876236278471964,5.1745011940105305
2001-04-18,8.279730053554099,9.859783702440234,-42.57855398219541,6.199556149254562
2001-04-19,7.592945283331266,9.12350518331437,-41.52458210333718,6.641068810440302
2001-04-20,8.356468018552858,8.4451334517678,-42.147482834093815,5.235935555449909
2001-04-21,8.770820669708224,7.261296187002742,-40.47645798084776,4.699376058708683
2001-04-22,8.641654645999083,6.5876481737135375,-40.28842444102619,3.385305377601374
2001-04-23,9.769588110660553,4.077120974253803,-41.612894859120374,5.589665474437014
2001-04-24,9.894781652752126,3.741901563560436,-42.39346246632946,6.0802785202776946
2001-04-25,8.919116895952905,2.7610634248841874,-43.30743050224937,6.246577067462736
2001-04-26,7.876618855499779,5.015025882240389,-43.8856681325301,5.932633635713943
2001-04-27,8.105806378440892,3.524285760386028,-43.85536763550418,4.40798976415012
2001-04-28,7.713144573266499,3.32161756815159,-42.34506273233817,5.305508498721934
2001-04-29,8.839984906207707,3.036776142224646,-42.991246039299575,3.957126411647593
2001-04-30,6.865166280493575,2.7920355821619434,-43.217381435006146,3.7471793941307707
2001-05-01,6.21209549573317,0.8095548248690507,-41.949928842980256,2.7229550781736505
2001-05-02,8.374886242655755,1.4101438017769543,-42.08727753019745,3.106469220407395
2001-05-03,6.302726398298962,2.2789170941204104,-42.3674780800784,4.474026412843106
2001-05-04,7.1659678125901305,0.8967895774428607,-44.48915875226966,4.390307817677124
2001-05-05,7.790051508453374,-0.029779168632957598,-44.68249733388756,3.5436035858998185
2001-05-06,8.624278988669516,2.4813834700488497,-44.409963616915356,3.9275688082440947
2001-05-07,7.169198694043648,3.238753166909276,-45.21713632051695,3.2375709846411103
2001-05-08,7.9680165308260165,3.103452264975671,-42.64578813010766,2.118710673129719
2001-05-09,7.042166646642501,3.299259478489234,-42.220535382174354,2.0680396442114435
2001-05-10,5.918516238295507,0.9347742941524961,-43.81669257267997,1.0777928412968985
2001-05-11,5.029261663167511,2.504289178914023,-44.45633934641817,1.5617899639251585
2001-05-12,6.918635448281011,1.3918194022580535,-43.85963457758157,1.7730923705499937
2001-05-13,6.036845262220595,0.9033359979034444,-43.714216470303086,1.7200938958858467
2001-05-14,5.9403538953659165,-0.14155790300922877,-43.94380827387986,2.467058192445784
2001-05-15,5.791436763644978,-0.40082625799778315,-44.70550771323527,2.2125608622729582
2001-05-16,5.231966199629984,-1.1121020185314108,-44.28595112660872,1.434274021264362
2001-05-17,8.122579922523894,-0.8829468232948738,-45.84940861168366,1.3411580781615806
2001-05-18,7.56287292016915,-1.184342477991504,-47.92364408593714,2.3559552854548604
2001-05-19,6.368646592886702,0.048877528636460665,-48.13493417205272,1.806462285228914
2001-05-20,5.792698888829381,-0.2737565550283508,-47.34372647091893,2.4588032439588434
2001-05-21,5.933843148881069,-1.1990881371394706,-45.83770034789629,2.898321853026046
2001-05-22,7.694173491549402,-0.07990502613409922,-44.27090639702732,1.018608211178881
2001-05-23,11.137492807379937,0.06379920739575495,-44.098050876099315,2.7693536447174703
2001-05-24,11.291057958462963,-1.411981945566011,-42.85767571190511,2.1846418380138504
2001-05-25,10.352240248041047,-1.286580061685457,-42.46826521020286,2.93778009436797
2001-05-26,10.669021480695754,-1.2374628280172761,-42.24451559035661,2.698977648104238
2001-05-27,11.319715214295943,-3.3597771363759845,-40.239732390694755,2.536055729693902
2001-05-28,12.25164839461987,-3.5223215664809704,-39.389790000268384,3.269996715854463
2001-05-29,12.88389912404527,-2.4482724284744406,-39.67342326899044,2.9204800149261296
2001-05-30,13.995782921851129,-5.194029655044095,-40.19017006855152,3.070364306350276
2001-05-31,13.289356462694263,-3.7510622575532224,-39.23313394319851,3.2009254812384924
2001-06-01,12.058243313041597,-1.9499596323742425,-37.144636442895106,1.3260168832790238
2001-06-02,11.496574417257003,-3.282703818495279,-35.08159300283296,3.042318404529362
2001-06-03,11.662359116499507,-2.8800359172163654,-33.755231922593495,3.1909593802315452
2001-06-04,12.6375189280922,-1.7009088277945186,-33.221227736321154,3.4751574665710097
2001-06-05,11.274543170131764,0.220045126366486,-31.046592092872707,5.934038070342094
2001-06-06,11.810849724585276,-1.278000432166895,-31.751944448215244,5.225596003916808
2001-06-07,12.10893294563905,0.12073984674160321,-32.911621858108816,3.9935475677954027
2001-06-08,11.629336738893953,0.9386864661872475,-33.511430308360104,3.3936714350552846
2001-06-09,11.900585406966293,0.5358403666997995,-34.488942301771395,4.350848157877181
2001-06-10,9.818673873026356,-0.37306764891650857,-35.95584944850006,2.354786392857533
2001-06-11,10.70026080987682,0.6017158310707139,-35.78026234816236,2.0493478842840114
2001-06-12,12.078934790209217,-2.2236327923276606,-34.46872692396115,1.3115353566322152
2001-06-13,10.860319654838108,-1.350717697803925,-34.26958327329508,2.063972275244418
2001-06-14,11.307934271670613,-0.7948846885033269,-34.91176241715198,2.4400749531047254
2001-06-15,10.740570447297097,-1.5194119675779452,-34.23915243081947,2.421376973519983
2001-06-16,10.118004221613717,-0.8256428624629477,-35.052541975095124,3.9032557090095414
2001-06-17,9.343622168688565,0.20112743549892498,-34.43866192259738,4.001313529741159
2001-06-18,8.951310155570702,0.805589693768966,-35.35334053226326,4.337739683519747
2001-06-19,7.569427657481769,2.097959637991037,-36.413627511201035,4.417241416939179
2001-06-20,6.808265345415765,3.3554227849726637,-38.71538904735344,4.293787466208373
2001-06-21,4.974378447200493,2.224209765953928,-38.32382965021993,5.751839584876794
2001-06-22,5.297083802508194,2.0270965899614084,-37.72058716892104,5.522140440364939
2001-06-23,5.768176724996205,1.075822118912673,-37.56401443047912,5.055367954129265
2001-06-24,5.479488966791639,1.8663823130164836,-36.10766004158579,4.316944390920109
2001-06-25,5.620947471568865,2.2053796524609766,-34.95675689054517,2.786154888453928
2001-06-26,5.5673201433415,1.0761599641855741,-34.293514615769084,4.0021520028310285
2001-06-27,6.515235256880508,0.4321887012458736,-33.38929523276316,4.314464556846216
2001-06-28,6.290269225356624,2.1757352429508274,-33.094742472967845,4.608533244337771
2001-06-29,5.280336084467174,2.0062282657571755,-32.18026095190422,2.5756058129195485
2001-06-30,5.950617951751224,-0.023507638162351796,-33.47228674763848,3.1944037112914456
2001-07-01,5.864386986075982,0.47613023652998226,-34.78709700670215,2.4296662176450843
2001-07-02,4.963294645962643,0.21830086699131301,-35.512975103399256,2.8336184763757712
2001-07-03,4.30630544421439,0.649654505600996,-35.983820857650024,5.018827834678034
2001-07-04,3.573812122713299,0.13849962250507353,-33.6281635357725,5.644477217842826
2001-07-05,4.305141732003617,-0.24923178402138352,-34.15176328673667,6.841273931426297
2001-07-06,5.789476664181031,-0.1448971036312313,-31.091802073338897,6.348998800178283
2001-07-07,6.889790675705732,-0.9860729294797077,-30.031205396373245,5.335486329604122
2001-07-08,6.155938284142707,-1.6765421419241167,-28.869836104379416,7.026456529867295
2001-07-09,7.260000703117949,-0.47831419219249005,-28.583292711195686,5.8796992422541905
2001-07-10,6.9117909144695435,0.16664992372889909,-28.793715415513386,7.499109910410111
2001-07-11,8.241035389099551,0.31831937559834333,-29.66578873195638,8.530924491992621
2001-07-12,7.862006593665149,-1.158456623021405,-29.88576337452481,7.757075994632335
2001-07-13,8.561359617009122,0.2450510254990308,-29.84575824407909,6.649445841063674
2001-07-14,8.747281248546098,0.6327642317471287,-28.51758676035405,7.733938944347435
2001-07-15,7.276919610826307,1.4871770695814588,-28.970874264141177,7.667736444907967
2001-07-16,6.942196268289436,1.9066385916137065,-27.879094440559783,9.441672975997514
2001-07-17,8.229528428409552,4.068177157395402,-25.83786116779192,8.477011510710856
2001-07-18,6.910486597052714,2.2640904150073475,-25.2556569038046,8.45771267652372
2001-07-19,5.521236722385268,3.4392504930299155,-25.079862417675567,9.925134373453755
2001-07-20,5.129688133259345,3.176588723900173,-25.027350550794125,9.76522569878898
2001-07-21,6.364907425164368,5.444855783032874,-26.190368657397975,9.700056475184251
2001-07-22,7.055185807271495,6.425162085851651,-25.72622365210056,9.320735867762565
2001-07-23,6.702143720799653,5.429404886019593,-25.496815272425824,10.799145652808521
2001-07-24,6.885512311948384,5.774434590069467,-25.838586535892972,10.448481526263743
2001-07-25,7.596283190059894,5.459486345641436,-26.85073703359432,10.785419050104576
2001-07-26,6.765159604449365,5.3249633806883745,-27.89431995979495,8.92845571822599
2001-07-27,6.645247302246117,5.212671435533993,-26.734923100034816,7.516331699424828
2001-07-28,6.040772860916836,5.3703333303089025,-26.881066707229365,7.536509070378097
2001-07-29,4.360251131064441,6.7832176274968505,-25.839351980708177,6.2446576942242915
2001-07-30,3.9972272983170285,7.639799868416633,-24.93256727109642,5.5881860811683906
2001-07-31,3.7414246329815084,8.141598525888694,-23.096827807347267,6.438562861459635
2001-08-01,3.837125858863326,8.3483781524349,-23.184373777424305,7.10594221478053
2001-08-02,3.3559125089286894,8.417614641978385,-22.750980130062484,6.518619693422507
2001-08-03,2.006209539896691,7.072850504300252,-21.423260758755344,6.0431987489101875
2001-08-04,0.09995600872311572,7.809174086227895,-21.50198396894539,7.527489384644215
2001-08-05,-0.5465326440884969,8.599937010687661,-21.240020825141794,9.916391968229771
2001-08-06,-0.22826669249388093,9.400300617453837,-21.038521193066625,9.508103881811687
2001-08-07,0.20025545287820734,9.355928756252013,-20.51612788304122,11.582885267154946
2001-08-08,-0.15095491459712485,11.429865986939971,-18.360574560146873,10.592760514174145
2001-08-09,0.5503511139473354,11.894746324529285,-20.20667513446187,11.497936825125382
2001-08-10,1.491405076984592,13.042728380043961,-20.4322779591426,11.803350228847693
2001-08-11,3.838998883907765,13.183596062121369,-20.732548874144946,11.912887473249183
2001-08-12,3.4326739840102944,13.126172785065066,-19.47437648325778,10.618107853148423
2001-08-13,2.3018522558802537,12.842212217856872,-19.720081812028496,10.827349146211063
2001-08-14,3.81530861223887,10.993434316300345,-18.843436335743803,11.926801432569688
2001-08-15,4.81134672230474,10.366726190139588,-16.715765379872018,10.936596059151945
2001-08-16,4.769663707129791,8.627776450907632,-15.671742845541349,9.450365048194802
2001-08-17,4.185674359021337,7.0373494759657795,-15.270788904739835,9.163042768762148
2001-08-18,5.317330487302043,6.829188269130564,-15.730934214941152,8.738586153157648
2001-08-19,4.754361408561244,6.063286485515675,-14.72673828383155,7.389643387138085
2001-08-20,3.4398335325778433,6.373541835115469,-14.215910552009111,7.969604902476909
2001-08-21,2.926055822892345,7.739387173093328,-12.529351341653888,8.79437161635392
2001-08-22,4.02302123740021,7.874624579064946,-13.546893110030021,8.404130008137834
2001-08-23,4.128358318249372,6.117976896015765,-14.121812603116314,6.649325099978911
2001-08-24,4.1476414778375705,5.360141700930459,-11.887119427147827,6.556646612437241
2001-08-25,3.5575444000452165,6.278806272990112,-12.398036849220018,6.382190933504659
2001-08-26,1.7248413530272821,5.315144181993284,-12.159225043915216,7.752590187803771
2001-08-27,1.103091154235432,5.611858036356415,-11.5726036596042,7.544427323711676
2001-08-28,1.2616582461264618,7.441408286878797,-11.449707020977135,5.4775755530229535
2001-08-29,1.488142876663125,7.786542498977851,-11.792771933523877,3.2113258511630574
2001-08-30,0.6310485683363309,8.386898272460277,-11.575710777893695,4.111877877783035
2001-08-31,1.3918083386655042,8.858604275331569,-12.292441877192163,3.495778155590981
2001-09-01,0.90349305883649,8.81444445423544,-11.409597579258948,1.807385970113247
2001-09-02,1.783812931081658,9.057796163738782,-10.310810306326832,1.4730386892133183
2001-09-03,1.2892679475887505,9.16674296675687,-10.008097290566601,1.1501868427364057
2001-09-04,1.7914955192384867,10.960580386137709,-11.318572155635817,0.7845303465862643
2001-09-05,1.914622272765652,11.838708606070098,-13.301590338284562,0.16466447805689122
2001-09-06,1.9226875388198417,11.593867587865137,-14.266420733202848,-0.010267020186103287
2001-09-07,2.447961478616833,11.04907816891886,-13.665043930701483,-1.0938637693420787
2001-09-08,2.443216749678187,11.702765282773603,-14.950331731478498,-1.2613640621212547
2001-09-09,1.5646635248049559,12.10845997965235,-14.2116413118136,-1.425620431739282
2001-09-10,1.6327785597565567,12.123454072750825,-14.911796525459794,-0.8676564163708582
2001-09-11,0.19587346200670508,12.054882997208848,-15.395911881236016,-1.0421855741472927
2001-09-12,1.9244886306148907,13.423863204686556,-14.980848813794761,-1.7682789167410826
2001-09-13,1.3543564030300819,14.268542812760083,-13.642162358237979,-0.3580556931590264
2001-09-14,2.8151588752031547,15.07975325199566,-12.424441526957503,-0.30789622207562817
2001-09-15,2.2677221613017675,16.95721048015382,-13.029305535540521,0.7567987465495293
2001-09-16,3.267765867067003,17.93145559277684,-11.760773406206907,-0.5335372426524657
2001-09-17,4.5027419809628695,17.012363707347955,-9.258755944673895,0.26160324959710957
2001-09-18,4.337038081248108,17.87883953648963,-10.487203616981713,-1.3502143703702938
2001-09-19,3.890947273329225,17.714207900384967,-10.534201675261738,-3.300967236500562
2001-09-20,3.8907887784027735,16.488476606547085,-9.868181419312274,-4.896065047766289
2001-09-21,2.3901364627559607,15.196408701000303,-9.778856415954218,-3.243344881631786
2001-09-22,4.037318853366228,14.693051583191547,-8.83743467497982,-2.8946814998734793
2001-09-23,3.9931292799385187,15.84094802920332,-9.551539520502546,-2.4070278012471658
2001-09-24,4.012919074511435,14.475154761174117,-11.211070535138113,-2.589096296112289
2001-09-25,3.7672067056705547,14.803012623178951,-11.9420264657433,-3.034995778102717
2001-09-26,3.2753490514332593,15.357480448915837,-13.37791139454181,-3.0863414516840093
2001-09-27,3.703673063604275,14.260674110401553,-11.739565890861632,-2.2515154396030495
2001-09-28,3.8528646800839743,13.831912185422292,-10.529058755241037,-1.5069164529558705
2001-09-29,2.9830621391453205,14.896028568427138,-10.03977448905408,-1.1144870813694692
2001-09-30,2.3459491573115696,16.360215354286705,-9.38105430773728,-1.4655511800624945
2001-10-01,-0.5267085739678143,16.887792140804013,-9.257604676568013,-1.076462816318101
2001-10-02,-1.2042263470083034,14.840806994736937,-8.823388949215827,-0.6161185491628196
2001-10-03,-0.6414431087382978,16.010004662037215,-9.414141119531317,-0.6529498663802786
2001-10-04,-2.388713496001655,16.489973623950377,-9.23757874874914,1.184377667938629
2001-10-05,-2.811763036316207,17.116091861952164,-11.428107741473047,-0.08771146273551955
2001-10-06,-2.871842803256418,17.026636906753264,-12.502747712239307,-0.2007269593326459
2001-10-07,-5.498250284905827,15.255309282754911,-11.522470388056359,-0.2014942090243715
2001-10-08,-5.633998454925535,13.757587350144467,-10.86061694583415,0.3982885719511986
2001-10-09,-4.0403684145526135,13.58792670568128,-11.075297925673489,-0.331936718815782
2001-10-10,-3.8674511431023637,13.67065624279657,-11.201903909976926,-1.9725340837649086
2001-10-11,-5.699651574401109,13.752028120613423,-11.312183713392791,-1.3624534683245082
2001-10-12,-4.76463365541659,13.444474355586154,-13.792628355990072,-0.43207558753099584
2001-10-13,-5.866722533716227,14.263920300568534,-14.633364853327965,0.21141420948201517
2001-10-14,-5.320224803121529,14.489025293992384,-13.405166004251685,-1.3959906545873313
2001-10-15,-5.049591317098755,14.648072869698527,-14.159976533079428,-3.4331847230882033
2001-10-16,-3.91667536397094,14.00079163893444,-14.648337745921909,-3.9617432282559246
2001-10-17,-3.685193391994176,14.814931478434804,-15.571705036772903,-3.5780957381149285
2001-10-18,-3.0514823222670873,15.202129928203941,-14.582519153438522,-4.558832737078066
2001-10-19,-1.9132377981492625,13.52360490446115,-11.977316064089312,-4.029422554553667
2001-10-20,-3.0988627157839894,12.341733173076031,-12.207632507512132,-4.702212111846241
2001-10-21,-3.113698735634917,14.322372039370919,-10.914556867445741,-5.042625266447267
2001-10-22,-2.6132869593311536,13.163324883192878,-10.102949890544576,-6.792499221946367
2001-10-23,-4.682456022525699,13.475695791733743,-9.718903218800971,-6.496984728990201
2001-10-24,-5.424597689383591,13.034862997346867,-8.321337868033016,-6.936417956335447
2001-10-25,-5.1742997499749235,14.021891634488522,-8.816062524086826,-6.363153828531118
2001-10-26,-5.573314718097784,15.46024266660821,-8.576067968626928,-6.019946909541741
2001-10-27,-5.834030479187943,16.054912733418096,-8.686624851226622,-7.336756428703904
2001-10-28,-7.181576327471203,15.181066691994205,-8.566031469017881,-5.695370962859471
2001-10-29,-6.188264763158996,14.845827859222846,-7.155352640452178,-6.333130376769843
2001-10-30,-7.40582023188714,14.757545388832602,-9.503542979400738,-6.164039656001722
2001-10-31,-6.609851317680247,15.376322949399718,-8.72279385053202,-7.393336174623422
2001-11-01,-7.269950148715935,15.855854436153617,-6.550745191087964,-7.496272516781463
2001-11-02,-6.566650768619379,16.68058068187097,-7.687616867312638,-8.216084594158714
2001-11-03,-6.213695707949516,16.3900038122539,-7.146357532526031,-8.11405325842265
2001-11-04,-5.805638480670255,15.616673304074876,-8.498870220071757,-10.167769352560251
2001-11-05,-4.704715224618708,16.805999596922483,-8.367899719628305,-11.781452460705987
2001-11-06,-4.175093219249659,15.792535981217043,-8.297406790857016,-11.33018618982177
2001-11-07,-2.7628313698816642,15.01986249678056,-7.716238892866078,-10.878156485699888
2001-11-08,-3.2065113560013576,15.104303252253276,-8.159106404655564,-10.721960232168566
2001-11-09,-4.324178617371102,16.739436993306782,-8.868787089318236,-10.118908964479868
2001-11-10,-3.0804654489339356,16.502933598591426,-9.393579767791115,-9.219681933213742
2001-11-11,-4.032595190956466,18.473167006342795,-7.616993239722267,-9.426085419996848
2001-11-12,-5.942728563070521,17.692293117328777,-6.9620580117083675,-10.095194816232622
2001-11-13,-6.541128429718723,17.964187064972602,-6.83879872760423,-11.05136180510513
2001-11-14,-5.580724054793239,16.890433179853545,-5.963467528894342,-9.847553036822282
2001-11-15,-6.16276176355121,17.45616878253171,-7.077140362402753,-10.872874746822145
2001-11-16,-5.039375815696921,16.827816559438695,-6.414435069418955,-12.677619324010674
2001-11-17,-6.838696820631693,16.486981583530852,-7.079933843565664,-11.03297937590903
2001-11-18,-7.7392306755139,16.059584446999708,-5.691708697275452,-10.86905531501825
2001-11-19,-8.04993000083885,16.124758392618098,-5.916274842955856,-11.303227428102966
2001-11-20,-9.013347485395785,16.637419703112723,-4.801229337670093,-12.058727271324159
2001-11-21,-10.139843928986625,16.640853249349146,-5.164017958463383,-11.811893072865411
2001-11-22,-10.471747767348957,15.896442059684873,-6.413261302567085,-11.005863464405426
2001-11-23,-9.91475083369937,15.96158622593307,-6.899152376336962,-12.044729226238047
2001-11-24,-10.891797264700713,15.512018721040423,-6.695628395738897,-11.288181196000943
2001-11-25,-10.019225327287302,16.582667035119915,-7.205213077267304,-10.95772766761657
2001-11-26,-8.802090751994346,18.91257283627261,-6.800580834527509,-11.192420692765072
2001-11-27,-9.781480481487744,17.50395923256724,-6.395739618061452,-11.957209133120815
2001-11-28,-10.206505410063835,16.97937233520884,-6.400115353682088,-12.45951593123228
2001-11-29,-10.33593452584329,16.864533755930868,-6.105816594556859,-14.717040615799533
2001-11-30,-10.981303010160357,17.851354252099373,-4.987726086267541,-12.218199834030022
2001-12-01,-11.783740210275628,18.794612796099948,-5.0997495673098365,-10.979633373750888
2001-12-02,-12.428952094454342,18.035888111417847,-6.34801902311368,-11.084693323470603
2001-12-03,-12.77178699039979,18.909880365801147,-6.420843622244281,-11.688766187375709
2001-12-04,-14.70310997387463,19.356095125536577,-8.583492841354849,-12.679319211532906
2001-12-05,-14.096911059556252,20.510765086082678,-7.670816004210984,-12.066738218024588
2001-12-06,-15.122653617196868,20.939623613280038,-8.03245714021497,-13.22959257126961
2001-12-07,-13.408539602211711,21.02456369546731,-7.123630011041616,-14.631343327893182
2001-12-08,-13.774155216423578,20.101980217728723,-8.455304480508335,-15.91131518211311
2001-12-09,-15.09290002400206,20.41900107733386,-9.383748600033384,-15.887739230673356
2001-12-10,-14.533084212645166,19.49586453600887,-9.712994400680738,-14.953480522995571
2001-12-11,-13.761111382455788,19.48535655774604,-10.543106693615714,-14.522179953416138
2001-12-12,-13.387673878859333,19.52846816623535,-8.55556534916538,-12.808863415683208
2001-12-13,-13.740136282034046,19.602415129823537,-8.293890124225944,-13.114860804058663
2001-12-14,-12.723659094693575,19.84218053383143,-7.774342225375731,-12.567841169813835
2001-12-15,-12.728402991278235,19.505504396145064,-9.148964763716496,-12.188676835691888
2001-12-16,-12.828440613625622,19.742883865888473,-8.976831247453472,-12.153175888916678
2001-12-17,-13.274488093348529,20.635701653917064,-9.709157068046764,-11.828240657176908
2001-12-18,-13.247450410442198,22.02305229315323,-9.721715471594491,-10.946094356567698
2001-12-19,-12.830977952720325,22.514664959798797,-10.602481851600578,-11.53761625456236
2001-12-20,-12.750153696482899,24.82578860321678,-11.734506666508235,-10.299903267968386
2001-12-21,-11.987175267452118,23.890269656004577,-11.953341865117675,-11.558452003681767
2001-12-22,-12.42328073365319,23.22369807104957,-10.05417878072847,-11.255225578744772
2001-12-23,-12.580781326589339,24.002565856500123,-9.88224557173365,-11.355476824947557
2001-12-24,-13.035003414667894,23.12320419026934,-11.244110313280327,-10.759804978196321
2001-12-25,-10.365631922308156,22.51113148155048,-12.423663948002915,-11.165961858218195
2001-12-26,-9.463162871864284,21.10029995250512,-13.229757407308638,-13.270518652950479
2001-12-27,-9.124161741731402,18.93175282651697,-13.152790906834202,-13.128969606841867
2001-12-28,-8.474554238248098,19.98899305492803,-13.095491914545972,-14.618518754861714
2001-12-29,-6.47187457697937,21.48406420420927,-12.176934111392915,-14.582199290833831
2001-12-30,-6.745519812371479,22.1111377291052,-12.190636387305375,-16.68674952392444
2001-12-31,-6.155431934824486,21.27402533469858,-13.804939783614152,-16.667613272837755
2002-01-01,-5.341956150981236,22.226965932450828,-12.55984788430528,-15.890503589023396
2002-01-02,-4.775617306892666,21.745739788879185,-12.579274018559374,-16.8696514770408
2002-01-03,-6.856262248933974,21.99036091273045,-12.81057279712723,-16.585583428054356
2002-01-04,-7.881463002112084,22.830256223812643,-13.427365102236305,-17.71404670136546
2002-01-05,-6.691935598641524,24.762835680782604,-13.303240787347745,-17.426997662651782
2002-01-06,-8.401674626146484,23.90200268543149,-12.951066375625102,-17.464857622035982
2002-01-07,-7.764235079879078,23.868936576399115,-10.874240887238908,-18.846380511263476
2002-01-08,-8.272212325938941,23.744955270488063,-11.653987984222425,-20.812148769680235
2002-01-09,-8.463710092661465,24.452441268639316,-11.926046444884282,-21.446854045201057
2002-01-10,-7.286813935775362,23.388605818594378,-11.343584189450192,-20.5326276137391
2002-01-11,-7.400854598920317,23.817642299977553,-12.458878901311092,-21.449418666947945
2002-01-12,-7.156716079093552,24.754768922207003,-13.47958067767438,-21.526446237817662
2002-01-13,-7.706955158233653,24.568077476208178,-12.564832224118113,-21.726632559394204
2002-01-14,-7.1740132520605915,25.683953714365487,-11.292406476351672,-21.65415216567654
2002-01-15,-6.364322096629729,24.389937516483506,-10.999938798615243,-22.00261367283821
2002-01-16,-5.0598426096230735,24.693633208387553,-11.40637847221415,-21.075463290357533
2002-01-17,-5.600820348374213,23.905688259004503,-10.871446691333006,-20.67990964571238
2002-01-18,-5.406342502029844,24.711435346719902,-9.592250505499104,-21.08923306500895
2002-01-19,-5.678520433701377,24.898742640638673,-7.996209928324991,-19.102181629209003
2002-01-20,-6.2921861713161205,24.27894100740311,-7.701370144249167,-19.483766449863026
2002-01-21,-5.712678533007336,25.260330432711907,-8.66884943030559,-20.22510902974007
2002-01-22,-4.636689928314847,25.06874569747414,-8.616655774767615,-21.914676728127453
2002-01-23,-4.975372212118149,25.93482503089721,-8.014365181090124,-21.83060642172578
2002-01-24,-5.143407987114737,26.973346697069303,-6.787492836526387,-21.55946686143535
2002-01-25,-5.150931965821234,25.570831702283485,-6.096948694092976,-22.400572438823524
2002-01-26,-3.0782937869299714,26.894899202701854,-7.305335162702047,-23.86959690258827
2002-01-27,-2.478013184040898,28.677619969783763,-8.273254560667564,-23.289632497236244
2002-01-28,-2.437514321358008,30.2906169557788,-7.660817553350234,-21.678803259611392
2002-01-29,-2.2823159784358693,29.744437130384387,-6.823135607190965,-22.02164040324908
2002-01-30,-2.3679660738859414,29.375595684159926,-7.591070246556733,-20.827977144412582
2002-01-31,-1.6892181057411924,30.60861284162232,-7.268192517539806,-21.255839110663377
2002-02-01,-1.432461706812612,32.092936466842566,-6.997232985169978,-21.432504153324633
2002-02-02,0.29145324592476185,32.08705187655207,-7.296136521265884,-21.79219740299464
2002-02-03,1.9566896621150642,31.20488879162323,-7.635580821456982,-21.442567292991423
2002-02-04,1.2761346617898703,32.57154756234262,-6.8895161667433555,-21.569454702207864
2002-02-05,1.2555875527842175,31.661105797556324,-6.869325737142923,-21.748998180894223
2002-02-06,1.3865575732760664,30.77234828296866,-6.285722714818327,-23.257325831200383
2002-02-07,1.8103944575666637,29.936941872495815,-7.401363142682616,-24.199156406071687
2002-02-08,0.8586063978010449,29.356565027819865,-4.942940794436,-23.428202692605254
2002-02-09,2.21439582794636,28.19869317717855,-3.9033777459254457,-23.54038170481545
2002-02-10,3.5648011687210115,27.862311433675465,-3.3919356373744183,-24.56490048638046
2002-02-11,2.0879115784737854,27.581055782971713,-3.0350043272964986,-23.52217812255524
2002-02-12,3.230880637902662,27.23907377116134,-3.1328500789043936,-22.874751799523477
2002-02-13,3.7196556616515593,28.672348202355483,-2.9107433408044154,-24.36107200092229
2002-02-14,4.826628931365441,27.732221276070728,-1.8428757075824913,-24.18247079587907
2002-02-15,4.637881861546957,26.21270575504073,-2.5635756789875055,-25.203388077040014
2002-02-16,3.4699437849415733,25.125655124816088,-3.069058463592177,-25.67633303276309
2002-02-17,3.2744424800120533,24.041137085833046,-3.7321881886381396,-24.600133218692385
2002-02-18,2.502014189186324,24.110786306939023,-4.3430458725695695,-23.72651968319474
2002-02-19,3.456889477364011,24.88786110781208,-5.043319121476482,-23.664950971939124
2002-02-20,2.359336950894429,25.75676325031143,-4.29282307897021,-21.823995556359286
2002-02-21,3.438653547732648,26.1332281209033,-3.2390764858093344,-22.143077694040045
2002-02-22,3.643159816097843,26.564646339766153,-4.222003890972735,-22.543122102654685
2002-02-23,2.636627842954395,26.264731384441493,-3.178812124545793,-21.45137055182017
2002-02-24,1.477055788943089,25.73604124840145,-4.104190749848185,-21.71161561710143
2002-02-25,1.5637379307095547,24.625099605393817,-4.640841089334242,-20.183408613685263
2002-02-26,0.689332021964792,24.806020163865206,-5.236491511430594,-19.807114219115547
2002-02-27,-0.07519594358572623,24.245659890545966,-4.707503145425776,-21.207766802123817
2002-02-28,-2.083283373219279,26.12144000415544,-4.95259822410648,-20.717716599618733
2002-03-01,-2.920769836157197,25.79271915815989,-6.130466740048499,-18.724591013012063
2002-03-02,-2.766090580965589,26.26645284125701,-6.243176765908019,-17.907067526517174
2002-03-03,-3.7249529431769393,25.018474193949825,-5.966601390800198,-19.498686190785158
2002-03-04,-2.8973377787252557,24.646414673460377,-7.830103711121091,-18.810433250856896
2002-03-05,-1.7371285396290712,23.930655028722413,-6.286399421289197,-17.24557891373133
2002-03-06,-0.38918877999267165,23.64065805516873,-7.168254242758529,-16.98465218059656
2002-03-07,-0.1876581768363259,24.34908940101355,-7.304244752579983,-16.11548275201643
2002-03-08,-0.3860902982494422,25.3196920513463,-8.208593527743322,-17.66203484941531
2002-03-09,-0.42341184451255726,26.77166981284186,-6.43925230025687,-17.00481992378163
2002-03-10,0.9318178117434981,25.928556868259655,-6.640574663925597,-17.026179335879718
2002-03-11,1.2158367426886723,26.350797052754984,-7.946635850766537,-17.658807499554833
2002-03-12,-0.6148721227756373,25.25424480593119,-7.696482336702559,-18.380990033529244
2002-03-13,-2.325569871842939,25.463461061363454,-7.373111242888093,-19.196423912384695
2002-03-14,-0.983800171189132,26.007695365913378,-6.611239083395111,-17.814571415901717
2002-03-15,-0.6625728177263097,26.13882291015287,-7.122609351394552,-19.076157278331905
2002-03-16,-0.7045178058235737,28.68947574047781,-8.657037833287756,-19.228753580858896
2002-03-17,-1.210759458453996,28.822211115804567,-9.649541268845997,-21.51445427617396
2002-03-18,-1.0974202247809792,29.406450847362954,-7.551822538345798,-20.208011173544215
2002-03-19,-1.9109258568344405,29.678881605132528,-7.516323570327391,-21.02001383548168
2002-03-20,-1.9681011582210475,29.05534737870657,-5.860162500583414,-20.70275032070066
2002-03-21,-2.4829907299071174,29.901967489069055,-6.476852774225147,-20.30067610562347
2002-03-22,-2.2533660784922356,29.625550261255107,-5.640191617247865,-20.146505728659804
2002-03-23,-2.837871039697652,28.47192187073028,-6.3076179495579385,-20.370395674471233
2002-03-24,-2.9443728139259533,29.222835361294518,-6.488523258764435,-21.177963663244203
2002-03-25,-4.223335093200828,28.54467940724263,-7.873883810067753,-21.761544011409697
2002-03-26,-3.549034850256735,28.438400624150283,-7.705632420709645,-21.49435434517042
2002-03-27,-4.634953652191374,27.460517200390772,-7.860358346244966,-21.864848449649703
2002-03-28,-4.519007157751329,27.63421762519641,-8.428162610020816,-20.61066761373136
2002-03-29,-4.802890268674488,27.641260659296567,-7.718987577401121,-21.287713801404188
2002-03-30,-4.44825960251016,29.298167198853886,-8.304869240695787,-19.905225802852264
2002-03-31,-3.4638102119060905,29.65799212295368,-9.370399858395267,-20.736587841730373
2002-04-01,-4.795673229788992,29.278757681216877,-7.342130841885524,-19.88342235731327
2002-04-02,-5.516272763388963,30.962278994207743,-8.804446256355144,-20.462022080810396
2002-04-03,-3.5587738145938177,30.844650692467187,-9.587373048892738,-20.77959002991929
2002-04-04,-5.057251649157525,30.485180240703563,-10.50265528841209,-20.59974747372965
2002-04-05,-3.947291203303415,29.921649975865,-11.33883466340343,-19.246978236324946
2002-04-06,-4.577405292196719,30.05814188439292,-12.210188443143517,-19.32504482380571
2002-04-07,-5.731663346750179,29.704789186352365,-12.654705125833209,-17.745712769987353
2002-04-08,-5.807646009070389,27.986253439135997,-12.130217598231468,-18.84558476862453
2002-04-09,-6.432475156743097,26.696854778567232,-10.85690514164488,-17.677832296702416
2002-04-10,-6.054833881562689,26.415190207478762,-9.767557271845632,-17.868134851286438
2002-04-11,-6.484779841283057,25.672569198834225,-9.720963039560713,-15.211081839608962
2002-04-12,-5.808706351218397,26.424241746359428,-9.125820610003728,-14.871632822613378
2002-04-13,-6.1529965007815495,26.204766210388122,-9.135911247816425,-14.353902054433034
2002-04-14,-5.0541858300936084,26.55512888497094,-10.139083888309157,-14.001394359380201
2002-04-15,-5.041183959860142,26.17440019570056,-11.444071805712788,-12.23310247724038
2002-04-16,-4.865468723740819,24.571028979550647,-11.722080401307624,-12.19692069645072
2002-04-17,-5.564473125064872,25.351580781795676,-10.532080663566918,-14.482192712616529
2002-04-18,-5.688825132230988,23.766831069291445,-10.707327207355435,-14.224479730816649
2002-04-19,-5.991046287562259,23.0136724408716,-13.44314446991985,-14.74377295406834
2002-04-20,-4.54551360084806,21.66616303700743,-13.69800788814652,-14.553558585151231
2002-04-21,-5.321053182859986,21.77834154614024,-14.235683963942193,-15.024746167927871
2002-04-22,-4.233216344620315,21.72052348022294,-13.038599418624383,-12.745715265899166
2002-04-23,-7.342785141659843,21.119124700648197,-14.620465758109827,-12.039574507208044
2002-04-24,-6.266721395577866,20.425039256510825,-13.465633759508007,-12.348069394402282
2002-04-25,-6.058602438338797,19.679543335507745,-12.82756460136193,-12.990145426704238
2002-04-26,-5.2513816580482855,19.81481766977098,-14.163032730704241,-13.432373005234675
2002-04-27,-3.3306669697030866,20.764328258264296,-16.359443794213583,-13.563992765313799
2002-04-28,-2.4772355984841594,18.562992344134127,-14.559543422732084,-12.078972428785693
2002-04-29,-1.010709288929423,18.580395426205783,-13.070718908393165,-13.708128987078117
2002-04-30,2.0369014795160942,18.791869052914826,-13.749585213615015,-13.324268072695006
2002-05-01,3.533030766267564,18.981627216121797,-13.795303481496427,-14.991319352573708
2002-05-02,3.17766172002825,19.521902665021415,-13.7498860325338,-15.144609322415636
2002-05-03,3.4003441856641445,19.228474381058607,-14.081043091772935,-14.07256516685756
2002-05-04,3.988452035748156,18.91959623056226,-16.22834094681803,-13.21830765924513
2002-05-05,4.433750456781067,18.781056727873487,-15.66501569498159,-13.671139610150503
2002-05-06,2.9140147851513287,18.771308926175674,-16.177704274861743,-12.653270650333623
2002-05-07,2.633115808581165,19.65165283051075,-16.21323314935699,-12.716640693205468
2002-05-08,3.1368990088354374,17.87709095161435,-16.7677131227242,-12.551792467389433
2002-05-09,1.6664708244766184,17.22835562393057,-16.421264173660845,-12.529099404248473
2002-05-10,1.6398851844519633,16.120460143433966,-16.407545901764923,-13.447852670515356
2002-05-11,1.5158779600518948,16.16813933566303,-17.728613463555025,-14.315506203884032
2002-05-12,1.4070211838505489,17.305006833557155,-16.308932431943926,-15.053294566876012
2002-05-13,0.9550529080174364,16.952057395038445,-15.745177284849078,-14.643277254785463
2002-05-14,0.13066876683167816,15.78359919337837,-14.54634408740516,-14.225199760679681
2002-05-15,0.24863103140622722,13.563122944944647,-14.600028166915212,-14.262892082966824
2002-05-16,0.320319310968006,14.57957408227221,-14.781448550976755,-14.102814923191051
2002-05-17,1.2488221175453411,14.736086190862913,-14.568910041893975,-15.060636531946464
2002-05-18,1.798015866664405,14.596369727570924,-14.349347088980002,-15.019069783942907
2002-05-19,1.8337364596118322,13.45091741420461,-14.932491053785547,-15.301129943160413
2002-05-20,1.9736738735442287,13.0994104771323,-15.674653932004869,-16.823423274867398
2002-05-21,1.8264053320920874,12.686332795379684,-17.620513435798568,-16.689497335556727
2002-05-22,2.1156400738471897,11.924922742230846,-16.958563870018654,-15.270614290873386
2002-05-23,-0.12281536414611827,12.958791968629898,-18.188578165581102,-15.65290732310869
2002-05-24,0.08427051786870735,11.35264711558985,-18.06106198584844,-14.315610758068061
2002-05-25,0.73562183383758,10.840762378882907,-18.53389252807152,-13.5223401824245
2002-05-26,1.9808925962005444,10.542405895601293,-16.007709067986045,-13.32832694021083
2002-05-27,1.0732160648579736,10.364798108543388,-17.885723076734962,-10.861073122671662
2002-05-28,-0.012294752766356387,12.544055972772963,-18.562073079343985,-11.906343065104874
2002-05-29,-0.15959353805832885,11.636778109440261,-18.319165884212026,-12.691241638684444
2002-05-30,0.7531348907069276,10.848692883954927,-20.05970471723594,-12.164932406842304
2002-05-31,1.2339596246846982,9.62739545348819,-19.39874235581699,-13.348889848841157
2002-06-01,2.048635336070619,9.590492227754899,-18.893330042726834,-13.379902369428665
2002-06-02,1.3069061095901748,8.680531686911479,-18.97513690556065,-14.760381934458525
2002-06-03,1.632035343205676,7.790214027127621,-18.42653765177934,-15.806949355445452
2002-06-04,1.1054191371102164,7.484011955747347,-18.314648659478408,-17.208899052699064
2002-06-05,-0.018925735391577936,8.881852915110416,-19.9662845297897,-17.52928678391973
2002-06-06,-0.35896196784336726,9.076194960199821,-20.605206721573964,-17.551556117915958
2002-06-07,-2.359175542553309,9.519114504239825,-20.243201229225356,-17.72116040000098
2002-06-08,-2.577511736087904,9.613131891292042,-18.89534347631129,-17.731647627536013
2002-06-09,-3.0126088138067177,11.207093588398896,-19.516548601700908,-18.111972797789957
2002-06-10,-3.897059372912395,9.918140829694856,-20.98944405597873,-18.620003369793274
2002-06-11,-4.543096246788934,9.754830707015849,-19.406203745342044,-17.670602034864803
2002-06-12,-5.274568795893267,10.237994063362532,-20.242111659693563,-16.729949730288684
2002-06-13,-4.910424775878236,10.185902258717293,-21.93250740213113,-15.272863635674037
2002-06-14,-5.194418547659915,9.911718028570618,-21.535412362646902,-14.93600375712125
2002-06-15,-7.257048889508316,8.763590630705977,-20.531687594958775,-16.34232496482559
2002-06-16,-8.223372432714559,8.92824584676507,-20.32109107984954,-16.34320817987015
2002-06-17,-11.034727482975743,10.083777126730313,-18.593709305671734,-18.485433456107447
2002-06-18,-11.16023153756519,9.71574566506028,-17.915648175325057,-18.708233010324648
2002-06-19,-9.816200674434082,9.147684134717363,-15.324149180663225,-18.765059764679393
2002-06-20,-11.747528853539468,9.755873080743592,-15.37486420476563,-18.29859360804007
2002-06-21,-11.865373047498444,9.666446056338359,-15.607659203597287,-18.68358540332865
2002-06-22,-12.39066895854163,9.995128629369917,-14.464361512146818,-16.787994610732728
2002-06-23,-12.520678138449226,11.67539634252658,-14.467019166454035,-16.82476097567553
2002-06-24,-12.08163792837746,11.301071226225812,-15.627468091376441,-15.969487197013972
2002-06-25,-11.88350257394487,9.90352615985447,-16.916567884341312,-17.282309248650655
2002-06-26,-12.848867128052003,9.930573218580186,-18.280468530112966,-16.38005217956716
2002-06-27,-12.95602895709599,11.280065217571002,-16.94877041407973,-16.48860471218047
2002-06-28,-13.97206734604344,10.022341196363598,-18.15389084758395,-16.52390848987187
2002-06-29,-13.909128056390783,7.2887937396736575,-17.44196827285884,-16.457359293798625
2002-06-30,-14.075204518595344,7.273394200652405,-16.564450454329112,-16.47296365923934
2002-07-01,-11.708030057685999,6.638571792432051,-16.402790987062374,-17.207987367497374
2002-07-02,-10.832438340165872,4.729049488494814,-17.745867671087346,-16.311056123068035
2002-07-03,-11.124474246897668,5.057754836728955,-17.162367954447536,-14.391287974483557
2002-07-04,-11.229786919653646,4.708609935844577,-16.026688394560168,-14.320916997105252
2002-07-05,-9.081612028573515,6.112385728613376,-15.579594590022056,-15.297219496988046
2002-07-06,-8.539438519705298,6.893714211860205,-14.735473534870788,-15.903611778403759
2002-07-07,-10.456014581501421,6.908059390544405,-16.611351492759884,-17.773635676185172
2002-07-08,-12.05464795500964,8.491315549106133,-17.82776128825155,-18.320667923727875
2002-07-09,-11.077921106754241,10.16830435618292,-17.55229120778336,-19.633941848005275
2002-07-10,-12.21112479656318,10.29986306378564,-18.172977033881622,-18.681771571207126
2002-07-11,-11.229481077718312,8.912266444391584,-17.445762125328137,-19.667825899505164
2002-07-12,-11.3700255331988,9.108541003100953,-14.99919377163199,-19.081534176357454
2002-07-13,-11.146770140720804,9.940087861857386,-14.713217384933003,-17.45573769204901
2002-07-14,-12.243021755396082,10.069344672443787,-15.482004778991014,-15.712932601294444
2002-07-15,-11.389898460202843,11.897116114842055,-15.757546866843027,-15.480565741584561
2002-07-16,-10.718028769628832,14.30017854077303,-15.144577855831846,-14.855035878788769
2002-07-17,-10.545817167022788,14.956480022573622,-15.258930826397282,-16.09971837094128
2002-07-18,-10.829968662586005,15.14386678218709,-17.656378705325555,-16.653175996477664
2002-07-19,-10.764051909968732,16.07471338335568,-18.101565089237425,-16.283160319385328
2002-07-20,-11.478200486669982,15.914474401520419,-18.583624230027997,-16.882542212492382
2002-07-21,-10.669712828171377,16.24733042340634,-16.39315729860789,-16.381827983851544
2002-07-22,-11.589253166337352,15.14935601305421,-16.429960200453724,-16.820973363484022
2002-07-23,-12.096033672015086,15.884714898468152,-16.374011702039123,-15.92795646604131
2002-07-24,-12.619179030711758,15.942301066099583,-16.407621226810214,-13.566749498358483
2002-07-25,-11.812592515131819,15.999226997385382,-17.127841113152158,-14.54405793397052
2002-07-26,-12.849081895620296,16.448228834473404,-16.390522940817082,-15.035121403049114
2002-07-27,-12.748945674540908,17.40463951001066,-16.212858583952926,-17.4994533569674
2002-07-28,-12.137235871845236,17.978337798518623,-16.04407782005287,-18.076248323301982
2002-07-29,-12.965307997266155,16.098510118667445,-16.045587588286555,-16.914506513587014
2002-07-30,-12.914236441100565,15.879795211167714,-16.20733539870691,-16.856690597405994
2002-07-31,-14.346187858839677,15.341149139884772,-15.622857737936577,-17.577039644356297
2002-08-01,-14.811698981980175,14.969895575640802,-13.579002472683236,-18.314313573575266
2002-08-02,-13.954263064357773,16.35572346540848,-15.215587677059021,-17.723054540100787
2002-08-03,-13.341688735176024,15.157140639291862,-15.786715504084214,-19.533942679299397
2002-08-04,-15.531439378990326,14.914794525075449,-15.656515382914124,-18.09824199256286
2002-08-05,-15.723277943855493,15.607648473290062,-16.120388981875283,-18.734758522724633
2002-08-06,-14.447470911433053,15.880160552275258,-15.468978912323932,-18.314557396930716
2002-08-07,-13.520560753380764,17.332927863835927,-12.036222750955595,-18.82314228460495
2002-08-08,-13.181638104671297,19.364874569626977,-11.355025331903198,-20.406923457342536
2002-08-09,-12.400038690792842,20.72308889300146,-12.23091213404721,-21.30186492982203
2002-08-10,-13.19170526283315,19.39094565162303,-11.858398092853097,-20.75348983700636
2002-08-11,-12.704573663538694,19.792139526883016,-11.704715806142586,-20.90172427224762
2002-08-12,-13.197774934040707,20.05427048885144,-12.555858142992458,-20.003502099353504
2002-08-13,-12.760173744357116,21.995056650016753,-14.389226332862357,-20.67458354753446
2002-08-14,-12.780302555992668,22.84349694449915,-14.041738970004223,-21.4790477284772
2002-08-15,-12.198957576031477,21.441479114838412,-15.448191381780607,-22.0647089098531
2002-08-16,-9.935948539091127,23.28955257442707,-15.341608532682432,-21.428782148276667
2002-08-17,-9.958412434838868,22.60130769493827,-16.326804748784873,-22.365204023798658
2002-08-18,-10.694297442458756,22.746446510343908,-16.969531634903976,-22.931082876006354
2002-08-19,-10.615256760507735,22.27336865575602,-16.5887921611369,-21.47975487896363
2002-08-20,-9.166276663930251,23.048874808912082,-17.491602669792897,-20.6813679844645
2002-08-21,-8.493644953326136,24.072113164020625,-16.401964422637334,-21.346137646811705
2002-08-22,-7.788502189879274,24.578353669899215,-15.502281818975055,-20.838893962888555
2002-08-23,-8.682264387121545,24.206346755316062,-16.078114812883495,-21.034778078670378
2002-08-24,-10.361333165214056,23.822157822787855,-15.982208784443674,-19.788925829026347
2002-08-25,-11.866234933294248,23.687207049621644,-15.85398336227796,-19.65396245310524
2002-08-26,-10.950272995260553,22.46939911143491,-14.498683712824961,-18.624544747627613
2002-08-27,-11.107480275604637,22.657079850777997,-14.665824311805903,-18.58326635464647
2002-08-28,-12.314837559534842,23.90205077757208,-15.098311499689965,-19.129375672121693
2002-08-29,-11.877355832442266,21.223239440722207,-14.622435758679542,-18.545470262711476
2002-08-30,-11.244322389981868,20.57172813423983,-14.348889656310964,-19.040373261883282
2002-08-31,-10.954961775476061,17.662997683583896,-14.0376758196373,-19.788412102439544
2002-09-01,-10.088613602843836,17.582518833874662,-16.76144945936773,-21.92285549601697
2002-09-02,-10.866476039586374,16.052514387196954,-16.625278040200552,-20.74009457511233
2002-09-03,-9.515445827639647,17.02506975965943,-15.637798558910138,-20.81563743807794
2002-09-04,-9.906579742242052,16.734401673028227,-16.286547928683916,-18.989874736016972
2002-09-05,-9.078165262203074,17.110814165312643,-15.727265657438394,-18.726424446574857
2002-09-06,-9.513310651721115,17.453298315680865,-15.759605212586917,-18.465409378128335
2002-09-07,-7.521990045599087,17.563754446422447,-17.181172650076824,-18.857977094407328
2002-09-08,-5.645670677431331,18.42344514415846,-18.300643748333048,-19.149887224510078
2002-09-09,-5.209246817935784,18.899376194131538,-18.61549277559877,-21.000460359442503
2002-09-10,-4.694878733405247,18.801413792207455,-19.214071458988837,-20.32823475323737
2002-09-11,-4.566525012404224,18.912000776611674,-19.9660092775747,-20.231694013471177
2002-09-12,-5.172913799916595,17.843274752482873,-17.474595978179913,-20.06291348841776
2002-09-13,-5.058297886917494,17.817598249645336,-16.878228521045717,-20.08252514741258
2002-09-14,-4.107015817681863,18.20793309810521,-14.667100427021385,-20.678310238429965
2002-09-15,-3.113691903899873,19.042907265406388,-14.844496758335993,-20.203203178741166
2002-09-16,-3.693056984651494,19.295750324201556,-14.143182179744258,-20.20799752279331
2002-09-17,-3.4465881647585737,18.66906697684303,-14.786339857258795,-20.729964367573487
2002-09-18,-4.656307585224803,17.19660040324441,-14.31546643320188,-21.481244361462878
2002-09-19,-4.322269238135002,17.031002532102317,-13.556216153099978,-22.307943932049493
2002-09-20,-5.1626479043078115,16.920350913721883,-12.868825697101771,-20.622195372265583
2002-09-21,-4.23806063678881,17.8518903017942,-13.775327621442342,-21.5074934824487
2002-09-22,-2.087421551039352,16.80180226436782,-13.910622934837106,-21.890210262675737
2002-09-23,-0.42380673619743225,16.56070346089034,-15.81101155695066,-21.131569331177232
2002-09-24,-1.8602238069089927,16.267926828201336,-15.085763132286425,-20.13810782806789
2002-09-25,-1.7344263289585398,17.340152109774444,-12.21263214655685,-20.097686373730234
2002-09-26,-0.7482946098405777,16.696903232971078,-12.199718193321672,-21.841830218547255
